,implementation,dataset,processes,px,py,pz,read_time,read_time,read_time,read_time,main_time,main_time,main_time,main_time,total_time,total_time,total_time,total_time
,,,,,,,mean,std,min,max,mean,std,min,max,mean,std,min,max
0,mem_bsend,../data/data_64_64_64_3.txt,8,2,2,2,0.11004725,0.04748752365753557,0.0764685,0.143626,0.00358117,0.00017519277610677922,0.00345729,0.00370505,0.11333545,0.047433500699452916,0.0797949,0.146876
1,mem_isend,../data/data_64_64_64_3.txt,8,2,2,2,0.1067533,0.04135400872684533,0.0775116,0.135995,0.0059072050000000004,0.0007949082302064814,0.00534512,0.00646929,0.1098949,0.04181560803360391,0.0803268,0.139463
2,mem_send,../data/data_64_64_64_3.txt,8,2,2,2,0.128918,0.0049384337598068415,0.125426,0.13241,0.007069895,0.0009183125056591574,0.00642055,0.00771924,0.132446,0.0051095536008539996,0.128833,0.136059
3,send,../data/data_64_64_64_3.txt,8,2,2,2,0.12694215,0.048631763850851634,0.0925543,0.16133,0.007945085000000001,0.001357001552707292,0.00698554,0.00890463,0.13037775000000001,0.049220642378223795,0.0955735,0.165182
