read_time,main_time,total_time,wall_time,implementation,dataset,processes,px,py,pz,iteration,nx,ny,nz,timesteps,problem_size
0.16133,0.00890463,0.165182,0.7219200134277344,send,../data/data_64_64_64_3.txt,8,2,2,2,0,64,64,64,3,786432
0.0925543,0.00698554,0.0955735,0.6240234375,send,../data/data_64_64_64_3.txt,8,2,2,2,1,64,64,64,3,786432
0.13241,0.00771924,0.136059,0.6948459148406982,mem_send,../data/data_64_64_64_3.txt,8,2,2,2,0,64,64,64,3,786432
0.125426,0.00642055,0.128833,0.6708965301513672,mem_send,../data/data_64_64_64_3.txt,8,2,2,2,1,64,64,64,3,786432
0.143626,0.00345729,0.146876,0.6940746307373047,mem_bsend,../data/data_64_64_64_3.txt,8,2,2,2,0,64,64,64,3,786432
0.0764685,0.00370505,0.0797949,0.6198616027832031,mem_bsend,../data/data_64_64_64_3.txt,8,2,2,2,1,64,64,64,3,786432
0.135995,0.00646929,0.139463,0.6904473304748535,mem_isend,../data/data_64_64_64_3.txt,8,2,2,2,0,64,64,64,3,786432
0.0775116,0.00534512,0.0803268,0.6165885925292969,mem_isend,../data/data_64_64_64_3.txt,8,2,2,2,1,64,64,64,3,786432
