,implementation,dataset,processes,px,py,pz,read_time,read_time,read_time,read_time,main_time,main_time,main_time,main_time,total_time,total_time,total_time,total_time
,,,,,,,mean,std,min,max,mean,std,min,max,mean,std,min,max
0,coll_IO,../data/art_data_256_256_256_7.bin,8,2,2,2,0.1600498,0.0068464040342357734,0.152477,0.167248,0.412955,0.009386467999199687,0.402664,0.422293,0.5729774000000001,0.011191227560013247,0.555753,0.584523
1,coll_IO_der,../data/art_data_256_256_256_7.bin,8,2,2,2,0.0935967,0.006012980281025371,0.0872549,0.100188,0.40003099999999997,0.010249792217406165,0.385805,0.411635,0.49358120000000005,0.015146196476343488,0.477721,0.511271
2,ind_IO,../data/art_data_256_256_256_7.bin,8,2,2,2,0.07412394,0.007002971374209664,0.0671952,0.0825322,0.4088868,0.005564436602208702,0.402059,0.415064,0.4829684,0.008233666668016143,0.469206,0.48897
3,ind_IO_der,../data/art_data_256_256_256_7.bin,8,2,2,2,0.07027472,0.007605227495085206,0.0566773,0.0739341,0.4061528,0.006144247000243421,0.398928,0.412204,0.4764026,0.007150619504630368,0.467734,0.485511
4,isend,../data/art_data_256_256_256_7.bin,8,2,2,2,1.2117200000000001,0.1703793580513789,1.04228,1.39817,0.7645268,0.05747260358814449,0.667639,0.811788,1.556122,0.16799013221019857,1.36714,1.7373
