,implementation,dataset,processes,px,py,pz,read_time,read_time,read_time,read_time,main_time,main_time,main_time,main_time,total_time,total_time,total_time,total_time
,,,,,,,mean,std,min,max,mean,std,min,max,mean,std,min,max
0,ind_IO,../data/data_64_64_96_7.bin,8,2,2,2,0.1263624,0.006519374686271682,0.115852,0.133674,0.011817079999999999,0.00010624195028330321,0.0116436,0.0118961,0.1381522,0.0065149644818678805,0.12772,0.14557
1,isend,../data/data_64_64_96_7.bin,8,2,2,2,0.041915259999999996,0.009103279458140347,0.0276415,0.0517053,0.01634902,0.001370442697452178,0.0147321,0.0182001,0.04946821999999999,0.007899672370864502,0.0367155,0.0571818
2,send,../data/data_64_64_96_7.bin,8,2,2,2,0.0391331,0.011877434607481533,0.025653,0.050825,0.01698734,0.002264979273194349,0.0149101,0.0195003,0.04683988,0.011482524495815369,0.034202,0.0581422
