read_time,main_time,total_time,wall_time,implementation,dataset,processes,px,py,pz,iteration,nx,ny,nz,timesteps,problem_size
20.6574,1.90546,21.1893,21.96827459335327,send,../data/art_data_256_256_256_7.txt,8,2,2,2,0,256,256,256,7,117440512
28.1279,1.83654,28.6789,29.271113634109497,send,../data/art_data_256_256_256_7.txt,8,2,2,2,1,256,256,256,7,117440512
21.6517,1.54909,22.1159,22.708662509918213,mem_send,../data/art_data_256_256_256_7.txt,8,2,2,2,0,256,256,256,7,117440512
27.8375,1.72082,28.3628,28.95696997642517,mem_send,../data/art_data_256_256_256_7.txt,8,2,2,2,1,256,256,256,7,117440512
31.3249,2.80532,31.8752,32.4875328540802,bsend,../data/art_data_256_256_256_7.txt,8,2,2,2,0,256,256,256,7,117440512
37.3211,8.73279,37.7992,38.57595252990723,bsend,../data/art_data_256_256_256_7.txt,8,2,2,2,1,256,256,256,7,117440512
28.8823,2.27956,29.3347,30.130516290664673,isend,../data/art_data_256_256_256_7.txt,8,2,2,2,0,256,256,256,7,117440512
24.3166,2.18288,24.8526,25.84932780265808,isend,../data/art_data_256_256_256_7.txt,8,2,2,2,1,256,256,256,7,117440512
