,implementation,dataset,processes,px,py,pz,read_time,read_time,read_time,read_time,main_time,main_time,main_time,main_time,total_time,total_time,total_time,total_time
,,,,,,,mean,std,min,max,mean,std,min,max,mean,std,min,max
0,bsend,../data/art_data_256_256_256_7.txt,8,2,2,2,34.323,4.239953681350777,31.3249,37.3211,5.769055,4.191354232279824,2.80532,8.73279,34.837199999999996,4.18890057174911,31.8752,37.7992
1,isend,../data/art_data_256_256_256_7.txt,8,2,2,2,26.59945,3.22843743086342,24.3166,28.8823,2.23122,0.06836308360511549,2.18288,2.27956,27.09365,3.1693233039562267,24.8526,29.3347
2,mem_send,../data/art_data_256_256_256_7.txt,8,2,2,2,24.7446,4.374021127063745,21.6517,27.8375,1.6349550000000002,0.12143144753316569,1.54909,1.72082,25.23935,4.417225351394243,22.1159,28.3628
3,send,../data/art_data_256_256_256_7.txt,8,2,2,2,24.39265,5.282441208854104,20.6574,28.1279,1.871,0.048733799359376766,1.83654,1.90546,24.9341,5.295946948374764,21.1893,28.6789
