,implementation,dataset,processes,px,py,pz,read_time,read_time,read_time,read_time,main_time,main_time,main_time,main_time,total_time,total_time,total_time,total_time
,,,,,,,mean,std,min,max,mean,std,min,max,mean,std,min,max
0,bsend,../data/data_64_64_64_3.txt,8,2,2,2,0.10408362,0.02715937203470573,0.0758294,0.143603,0.003413041,0.00016903945374116398,0.0031285,0.00361582,0.10722368,0.027304995735164168,0.0789602,0.147043
1,isend,../data/data_64_64_64_3.txt,8,2,2,2,0.10742727,0.027301822126657896,0.072558,0.138576,0.0061335109999999995,0.0008939256897210938,0.00467194,0.00747148,0.1104818,0.027502414934894553,0.0756922,0.141837
2,mem_send,../data/data_64_64_64_3.txt,8,2,2,2,0.12409980999999999,0.0212568858934098,0.0794003,0.144522,0.006385628,0.0005527538936553149,0.00587812,0.00733533,0.12726237,0.02144005663187224,0.0821491,0.147729
3,send,../data/data_64_64_64_3.txt,8,2,2,2,0.11430236,0.027503941702971314,0.0762521,0.147898,0.00676327,0.0005554292565414811,0.00580063,0.00785999,0.11737935,0.027848824783711947,0.0788407,0.151523
