,implementation,dataset,processes,px,py,pz,read_time,read_time,read_time,read_time,main_time,main_time,main_time,main_time,total_time,total_time,total_time,total_time
,,,,,,,mean,std,min,max,mean,std,min,max,mean,std,min,max
0,ind_IO,../data/art_data_256_256_256_7.bin,8,2,2,2,0.07856122000000001,0.005674982595744232,0.068904,0.0838637,0.4077128,0.0060259205271892095,0.402169,0.417041,0.486225,0.009393754361276437,0.471066,0.496236
1,isend,../data/art_data_256_256_256_7.bin,8,2,2,2,1.0557459999999999,0.0072187554328985585,1.04893,1.06746,0.7305324000000001,0.027766088062598934,0.700246,0.767405,1.397664,0.01913139252642103,1.37945,1.42601
2,send,../data/art_data_256_256_256_7.bin,8,2,2,2,1.525442,0.17857573398981166,1.36847,1.72021,1.05831,0.06168298266134674,1.00611,1.13818,1.8301580000000002,0.18949068926994808,1.66716,2.04502
