read_time,main_time,total_time,wall_time,implementation,dataset,processes,px,py,pz,iteration,nx,ny,nz,timesteps,problem_size
6.61909,0.85796,6.81993,7.392791509628296,pankaj_code7,../data/art_data_256_256_256_3.txt,8,2,2,2,0,256,256,256,3,50331648
13.4523,0.887326,13.6468,14.433560848236084,pankaj_code7,../data/art_data_256_256_256_3.txt,8,2,2,2,1,256,256,256,3,50331648
10.6872,0.819561,10.8798,11.448513746261597,pankaj_code9,../data/art_data_256_256_256_3.txt,8,2,2,2,0,256,256,256,3,50331648
9.84415,0.746108,10.0833,10.665003538131714,pankaj_code9,../data/art_data_256_256_256_3.txt,8,2,2,2,1,256,256,256,3,50331648
8.08245,0.567927,8.27116,8.86906123161316,pankaj_code11,../data/art_data_256_256_256_3.txt,8,2,2,2,0,256,256,256,3,50331648
11.2448,0.533713,11.4475,12.237819910049438,pankaj_code11,../data/art_data_256_256_256_3.txt,8,2,2,2,1,256,256,256,3,50331648
