,implementation,dataset,processes,px,py,pz,read_time,read_time,read_time,read_time,main_time,main_time,main_time,main_time,total_time,total_time,total_time,total_time
,,,,,,,mean,std,min,max,mean,std,min,max,mean,std,min,max
0,pankaj_code11,../data/art_data_256_256_256_3.txt,8,2,2,2,9.663625,2.2361191294852785,8.08245,11.2448,0.55082,0.024192951411516513,0.533713,0.567927,9.85933,2.2460115533540783,8.27116,11.4475
1,pankaj_code7,../data/art_data_256_256_256_3.txt,8,2,2,2,10.035695,4.831809128271727,6.61909,13.4523,0.872643,0.020764897736324155,0.85796,0.887326,10.233365000000001,4.827326071279006,6.81993,13.6468
2,pankaj_code9,../data/art_data_256_256_256_3.txt,8,2,2,2,10.265675000000002,0.5961263718793194,9.84415,10.6872,0.7828345,0.05193911439849547,0.746108,0.819561,10.481549999999999,0.5632105512150845,10.0833,10.8798
