,implementation,dataset,processes,px,py,pz,read_time,read_time,read_time,read_time,main_time,main_time,main_time,main_time,total_time,total_time,total_time,total_time
,,,,,,,mean,std,min,max,mean,std,min,max,mean,std,min,max
0,mem_bsend,../data/art_data_256_256_256_7.txt,8,2,2,2,28.0753,3.3999108253011574,25.6712,30.4794,0.7696175000000001,0.02416537424705027,0.75253,0.786705,28.659,3.3980723476700727,26.2562,31.0618
1,mem_isend,../data/art_data_256_256_256_7.txt,8,2,2,2,24.57875,5.442247341402263,20.7305,28.427,1.3492899999999999,0.24371142320375536,1.17696,1.52162,25.104999999999997,5.420822005932309,21.2719,28.9381
2,mem_send,../data/art_data_256_256_256_7.txt,8,2,2,2,28.551949999999998,1.6968441428133563,27.3521,29.7518,1.7690649999999999,0.10747315967254317,1.69307,1.84506,29.09195,1.667145658003524,27.9131,30.2708
3,send,../data/art_data_256_256_256_7.txt,8,2,2,2,25.8936,0.9816056336431649,25.1995,26.5877,1.8542450000000001,7.778174593048026e-05,1.85419,1.8543,26.4037,0.9881110160300836,25.705,27.1024
