read_time,main_time,total_time,wall_time,implementation,dataset,processes,px,py,pz,iteration,nx,ny,nz,timesteps,problem_size
26.5877,1.85419,27.1024,27.69717526435852,send,../data/art_data_256_256_256_7.txt,8,2,2,2,0,256,256,256,7,117440512
25.1995,1.8543,25.705,26.30374312400818,send,../data/art_data_256_256_256_7.txt,8,2,2,2,1,256,256,256,7,117440512
29.7518,1.84506,30.2708,30.866398572921753,mem_send,../data/art_data_256_256_256_7.txt,8,2,2,2,0,256,256,256,7,117440512
27.3521,1.69307,27.9131,28.504472017288208,mem_send,../data/art_data_256_256_256_7.txt,8,2,2,2,1,256,256,256,7,117440512
30.4794,0.786705,31.0618,31.668980360031128,mem_bsend,../data/art_data_256_256_256_7.txt,8,2,2,2,0,256,256,256,7,117440512
25.6712,0.75253,26.2562,26.914886474609375,mem_bsend,../data/art_data_256_256_256_7.txt,8,2,2,2,1,256,256,256,7,117440512
28.427,1.52162,28.9381,29.770560026168823,mem_isend,../data/art_data_256_256_256_7.txt,8,2,2,2,0,256,256,256,7,117440512
20.7305,1.17696,21.2719,22.061293363571167,mem_isend,../data/art_data_256_256_256_7.txt,8,2,2,2,1,256,256,256,7,117440512
