,implementation,dataset,processes,px,py,pz,read_time,read_time,read_time,read_time,main_time,main_time,main_time,main_time,total_time,total_time,total_time,total_time
,,,,,,,mean,std,min,max,mean,std,min,max,mean,std,min,max
0,ind_IO,../data/data_64_64_64_3.bin,8,2,2,2,0.010879488,0.0014270203816764495,0.00976814,0.0130968,0.006096064,0.0005664911888370375,0.00520059,0.00672762,0.016862540000000002,0.0012231308221118467,0.0157093,0.0182151
1,isend,../data/data_64_64_64_3.bin,8,2,2,2,0.017269376,0.005986122032324434,0.00730998,0.0220328,0.00972814,0.003178785627083085,0.00431707,0.0122535,0.021939994,0.0072952357134420266,0.00947067,0.0269063
2,send,../data/data_64_64_64_3.bin,8,2,2,2,0.01982418,0.003076569907705656,0.0153681,0.0223564,0.010925764000000001,0.0015185667398833682,0.00844282,0.0125524,0.02429556,0.0033947945538721487,0.0186995,0.0270706
