,implementation,dataset,processes,px,py,pz,read_time,read_time,read_time,read_time,main_time,main_time,main_time,main_time,total_time,total_time,total_time,total_time
,,,,,,,mean,std,min,max,mean,std,min,max,mean,std,min,max
0,coll_IO,../data/art_data_256_256_256_7.bin,8,2,2,2,0.178125,0.0071187314530048165,0.169481,0.189002,0.5575814,0.021179417869714886,0.532657,0.588078,0.7356912,0.0254621575813991,0.711053,0.777061
1,ind_IO,../data/art_data_256_256_256_7.bin,8,2,2,2,0.07591364,0.002778971409172826,0.0728036,0.0803019,0.4545826,0.03395750211367142,0.424449,0.502518,0.530427,0.03202052027216298,0.503832,0.577013
2,isend,../data/art_data_256_256_256_7.bin,8,2,2,2,1.3087,0.19928235747300863,1.12515,1.56089,0.812289,0.05071500539781101,0.729769,0.856926,1.681824,0.2134642257616016,1.46743,1.94801
