,implementation,dataset,processes,px,py,pz,read_time,read_time,read_time,read_time,main_time,main_time,main_time,main_time,total_time,total_time,total_time,total_time
,,,,,,,mean,std,min,max,mean,std,min,max,mean,std,min,max
0,coll_IO,../data/art_data_256_256_256_7.bin,8,2,2,2,0.1734474,0.0028330697661723757,0.16878,0.175881,0.4502104,0.012805351197839123,0.436784,0.46753,0.6235976,0.01394450525475898,0.607337,0.641217
1,ind_IO,../data/art_data_256_256_256_7.bin,8,2,2,2,0.08035238,0.006940344142547976,0.0720175,0.0870253,0.4475644,0.023692514024476172,0.423492,0.483577,0.5278655999999999,0.0221009692502388,0.510517,0.565532
2,isend,../data/art_data_256_256_256_7.bin,8,2,2,2,1.4775880000000001,0.23540809824642828,1.09153,1.69809,0.8716394,0.10727138414693832,0.755776,1.03574,1.8523599999999998,0.27149387608194775,1.43733,2.14689
