,implementation,dataset,processes,px,py,pz,read_time,read_time,read_time,read_time,main_time,main_time,main_time,main_time,total_time,total_time,total_time,total_time
,,,,,,,mean,std,min,max,mean,std,min,max,mean,std,min,max
0,ind_IO,../data/data_64_64_96_7.bin,8,2,2,2,0.013024923999999998,0.002936780697273803,0.00780362,0.0147835,0.017449397999999998,0.005842881815895304,0.00782749,0.022458,0.03044114,0.008636220503958894,0.0156073,0.0368799
1,isend,../data/data_64_64_96_7.bin,8,2,2,2,0.02622538,0.002871746929483864,0.0212544,0.028426,0.01523004,0.002111060449868738,0.0125406,0.0180811,0.03498082,0.004193560778383928,0.0275678,0.0377212
2,send,../data/data_64_64_96_7.bin,8,2,2,2,0.034101740000000005,0.009277330877628545,0.0227291,0.046488,0.017043620000000002,0.0015826961511926415,0.0145422,0.0188455,0.0416387,0.009007480141526816,0.0287255,0.0525529
