,implementation,dataset,processes,px,py,pz,read_time,read_time,read_time,read_time,main_time,main_time,main_time,main_time,total_time,total_time,total_time,total_time
,,,,,,,mean,std,min,max,mean,std,min,max,mean,std,min,max
0,bsend,../data/art_data_256_256_256_7.txt,8,2,2,2,17.66695,0.060881893860163044,17.6239,17.71,0.7252255000000001,0.0036635202333275356,0.722635,0.727816,18.241999999999997,0.05260874452028088,18.2048,18.2792
1,isend,../data/art_data_256_256_256_7.txt,8,2,2,2,17.391399999999997,0.18413060582097868,17.2612,17.5216,1.0627550000000001,0.077109994488393,1.00823,1.11728,17.895000000000003,0.1714026837596178,17.7738,18.0162
2,mem_send,../data/art_data_256_256_256_7.txt,8,2,2,2,22.4394,6.670986795070128,17.7223,27.1565,1.61446,0.03310673949515406,1.59105,1.63787,22.9349,6.684421823912672,18.2083,27.6615
3,send,../data/art_data_256_256_256_7.txt,8,2,2,2,18.1453,1.405586859642619,17.1514,19.1392,1.309675,0.28269422005057,1.10978,1.50957,18.547449999999998,1.2510840279533555,17.6628,19.4321
