read_time,main_time,total_time,wall_time,implementation,dataset,processes,px,py,pz,iteration,nx,ny,nz,timesteps,problem_size
19.1392,1.10978,19.4321,20.19115400314331,send,../data/art_data_256_256_256_7.txt,8,2,2,2,0,256,256,256,7,117440512
17.1514,1.50957,17.6628,18.24073338508606,send,../data/art_data_256_256_256_7.txt,8,2,2,2,1,256,256,256,7,117440512
17.7223,1.59105,18.2083,18.9536554813385,mem_send,../data/art_data_256_256_256_7.txt,8,2,2,2,0,256,256,256,7,117440512
27.1565,1.63787,27.6615,28.271631717681885,mem_send,../data/art_data_256_256_256_7.txt,8,2,2,2,1,256,256,256,7,117440512
17.6239,0.727816,18.2048,18.78705096244812,bsend,../data/art_data_256_256_256_7.txt,8,2,2,2,0,256,256,256,7,117440512
17.71,0.722635,18.2792,18.852673530578613,bsend,../data/art_data_256_256_256_7.txt,8,2,2,2,1,256,256,256,7,117440512
17.2612,1.00823,17.7738,18.34790849685669,isend,../data/art_data_256_256_256_7.txt,8,2,2,2,0,256,256,256,7,117440512
17.5216,1.11728,18.0162,18.59808325767517,isend,../data/art_data_256_256_256_7.txt,8,2,2,2,1,256,256,256,7,117440512
