read_time,main_time,total_time,wall_time,implementation,dataset,processes,px,py,pz,iteration,nx,ny,nz,timesteps,problem_size
0.0263561,0.0160982,0.0338306,0.7831053733825684,mem_send,../data/data_64_64_96_7.bin,8,2,2,2,0,64,64,96,7,2752512
0.0244505,0.0142381,0.0303377,0.574657678604126,mem_send,../data/data_64_64_96_7.bin,8,2,2,2,1,64,64,96,7,2752512
0.0472917,0.0186764,0.0552126,0.5937421321868896,mem_send,../data/data_64_64_96_7.bin,8,2,2,2,2,64,64,96,7,2752512
0.0411717,0.0185516,0.048712,0.6011688709259033,mem_send,../data/data_64_64_96_7.bin,8,2,2,2,3,64,64,96,7,2752512
0.0279953,0.0175522,0.0360821,0.5815823078155518,mem_send,../data/data_64_64_96_7.bin,8,2,2,2,4,64,64,96,7,2752512
