,implementation,dataset,processes,px,py,pz,read_time,read_time,read_time,read_time,main_time,main_time,main_time,main_time,total_time,total_time,total_time,total_time
,,,,,,,mean,std,min,max,mean,std,min,max,mean,std,min,max
0,ind_IO,../data/art_data_256_256_256_7.bin,8,2,2,2,6.664046000000001,1.14923375169284,5.41075,7.69531,0.5503882,0.10016213992172894,0.380776,0.617697,7.214396000000001,1.233040121135562,5.8073,8.313
1,isend,../data/art_data_256_256_256_7.bin,8,2,2,2,1.185584,0.18690870814384228,1.03009,1.39781,0.7557088000000001,0.08733892156822175,0.656958,0.895094,1.512008,0.20027347070942772,1.34291,1.75422
2,send,../data/art_data_256_256_256_7.bin,8,2,2,2,1.462112,0.13762518199806315,1.38538,1.70743,1.083174,0.03376492529238001,1.04216,1.12356,1.7864060000000002,0.12666425533669703,1.71774,2.01178
